Workbook

Sheet (2026) 08-06 ~ 08-12
B1: 해외사업운영팀 주간보고 | E1: 08-06~08-12 (2026년)
B2: TN | C2: 사이트 | D2: 파트 | E2: 내용 | F2: REQUEST TYPE | G2: 담당자 | H2: 금주 진행상황 | I2: M/H | J2: 예상 공수 | K2: 진행률 | L2: 완료 예정일 | M2: 비고(특이사항, 이슈, 기타)
B3: TN | C3: 사이트 | D3: CMC Dubai | E3: 내용 | F3: REQUEST TYPE | G3: 담당자 | H3: 금주 진행상황 | I3: M/H | J3: 예상공수 | K3: 진행률 | L3: 완료 예정일 | M3: 비고(특이사항, 이슈, 기타)
B4: 진료/간호
C5: CMC-D | D5: 진료/간호
C6: CMC-D | D6: 진료/간호
C7: CMC-D | D7: 진료/간호
C8: CMC-D | D8: 진료/간호
C9: CMC-D | D9: 진료/간호
C10: CMC-D | D10: 진료/간호
C11: CMC-D | D11: 진료/간호
C12: CMC-D | D12: 진료/간호
B13: 진료지원
C14: CMC-D | D14: 진료지원
C15: CMC-D | D15: 진료지원
C16: CMC-D | D16: 진료지원
C17: CMC-D | D17: 진료지원
C18: CMC-D | D18: 진료지원
E19: =IFERROR(VLOOKUP(B19, [1]업무!B:C, 2, FALSE),"")
E20: =IFERROR(VLOOKUP(B20, [1]업무!B:C, 2, FALSE),"")
B21: 원무
C22: CMC-D | D22: 원무
C23: CMC-D | D23: 원무 | E23: =IFERROR(VLOOKUP(B23, [1]업무!B:C, 2, FALSE),"")
E24: =IFERROR(VLOOKUP(B24, [1]업무!B:C, 2, FALSE),"")
B25: TN | C25: 사이트 | D25: RCJY | E25: 내용 | F25: REQUEST TYPE | G25: 담당자 | H25: 금주 진행상황 | I25: M/H | J25: 예상공수 | K25: 진행률 | L25: 완료 예정일 | M25: 비고(특이사항, 이슈, 기타)
B26: 진료/간호
B27: 13024 | C27: RCJY | D27: 진료/간호 | E27: RE: DHS-Bestcare Integration Update Approval API | F27: Program Modification | G27: 박제현 | H27: 완료 | I27: 4 | J27: 4 | K27: 1 | L27: 46246 | M27: 외래/응급 환자의 UCAF/DCAF 서명 시, 기록 내용 BASE64 인코딩 저장 후, DHS API 호출 응급 환자의 응급 초진기록 서명 시, DHS API 호출
B28: 13024 | C28: RCJY | D28: 진료/간호 | E28: RE: DHS-Bestcare Integration Update Approval API | F28: Program Modification | G28: 강진규 | H28: 완료 | M28: 처치지시오더 중 처치료오더 존재하는 경우 처치료 ORD_ID로 DHS 상태값 조회되게 수정
C29: RCJY | D29: 진료/간호
C30: RCJY | D30: 진료/간호
C31: RCJY | D31: 진료/간호
C32: RCJY | D32: 진료/간호
C33: RCJY | D33: 진료/간호 | E33: =IFERROR(VLOOKUP(B33, [1]업무!B:C, 2, FALSE),"")
C34: RCJY | D34: 진료/간호 | E34: =IFERROR(VLOOKUP(B34, [1]업무!B:C, 2, FALSE),"")
E35: =IFERROR(VLOOKUP(B35, [1]업무!B:C, 2, FALSE),"")
E36: =IFERROR(VLOOKUP(B36, [1]업무!B:C, 2, FALSE),"")
B37: 진료지원
C38: RCJY | D38: 진료지원
C39: RCJY | D39: 진료지원
C40: RCJY | D40: 진료지원
C41: RCJY | D41: 진료지원
C42: RCJY | D42: 진료지원
C43: RCJY | D43: 진료지원
E44: =IFERROR(VLOOKUP(B44, [1]업무!B:C, 2, FALSE),"")
E45: =IFERROR(VLOOKUP(B45, [1]업무!B:C, 2, FALSE),"")
E46: =IFERROR(VLOOKUP(B46, [1]업무!B:C, 2, FALSE),"")
B47: 원무
C48: RCJY | D48: 원무 | E48: =IFERROR(VLOOKUP(B48, [1]업무!B:C, 2, FALSE),"")
C49: RCJY | D49: 원무 | E49: =IFERROR(VLOOKUP(B49, [1]업무!B:C, 2, FALSE),"")
C50: RCJY | D50: 원무 | E50: =IFERROR(VLOOKUP(B50, [1]업무!B:C, 2, FALSE),"")
C51: RCJY | D51: 원무 | E51: =IFERROR(VLOOKUP(B51, [1]업무!B:C, 2, FALSE),"")
C52: RCJY | D52: 원무 | E52: =IFERROR(VLOOKUP(B52, [1]업무!B:C, 2, FALSE),"")
C53: RCJY | D53: 원무 | E53: =IFERROR(VLOOKUP(B53, [1]업무!B:C, 2, FALSE),"")
C54: RCJY | D54: 원무 | E54: =IFERROR(VLOOKUP(B54, [1]업무!B:C, 2, FALSE),"")
C55: RCJY | D55: 원무 | E55: =IFERROR(VLOOKUP(B55, [1]업무!B:C, 2, FALSE),"")
C56: RCJY | D56: 원무 | E56: =IFERROR(VLOOKUP(B56, [1]업무!B:C, 2, FALSE),"")
E57: =IFERROR(VLOOKUP(B57, [1]업무!B:C, 2, FALSE),"")
E58: =IFERROR(VLOOKUP(B58, [1]업무!B:C, 2, FALSE),"")
B59: TN | C59: 주차 (2026) | D59: MNGHA | E59: 내용 | F59: REQUEST TYPE | G59: 담당자 | H59: 금주 진행상황 | I59: M/H | J59: 예상공수 | K59: 진행률 | L59: 완료 예정일 | M59: 비고(특이사항, 이슈, 기타)
B60: 진료/간호
B61: 14376 | C61: MNGHA | D61: 진료/간호 | E61: Anesthesia | Exception Error in Medical Record Review | F61: Bug Fix | G61: 박제현 | H61: 진행중 | I61: 16 | J61: 24 | K61: 0.5 | L61: 46248 | M61: [2026-08-05] 08/03 임시 EQS 반영 예정이었으나, 사용자 요청으로 반려됨. UI 중복 문제는 로컬 개발 완료됨. [2026-08-07] UI 로컬 개발 내용 및 현재 상황 PIS 팀에게 공유함.
B62: 14407 | C62: MNGHA | D62: 진료/간호 | E62: [내부티켓] Anesthesia - Anesthesia cancellation 개발 건 | F62: Program Modification | G62: 강진규 | H62: 진행중 | I62: 8
B63: 14408 | C63: MNGHA | D63: 진료/간호 | E63: [내부티켓] Anesthesia -Anesthesia Record in Other module | F63: Program Modification | G63: 강진규 | H63: 진행중 | I63: 16
B64: 14439 | C64: MNGHA | D64: 진료/간호 | E64: Anesthesia Module - Change Parameter Name | F64: Simple Question | G64: 강진규
B65: 14439 | C65: MNGHA | D65: 진료/간호 | E65: =IFERROR(VLOOKUP(B65, [1]업무!B:C, 2, FALSE),"") -> Anesthesia Module - Change Parameter Name | F65: Simple Question | G65: 오기영
B66: 진료지원
C67: MNGHA | D67: 진료지원
C68: MNGHA | D68: 진료지원
C69: MNGHA | D69: 진료지원
B71: 원무
C72: MNGHA | D72: 원무 | E72: =IFERROR(VLOOKUP(B72, [1]업무!B:C, 2, FALSE),"")
C73: MNGHA | D73: 원무 | E73: =IFERROR(VLOOKUP(B73, [1]업무!B:C, 2, FALSE),"")
B74: TN | C74: 주차 (2026) | D74: Aurora | E74: 내용 | F74: REQUEST TYPE | G74: 담당자 | H74: 금주 진행상황 | I74: M/H | J74: 예상공수 | K74: 진행률 | L74: 완료 예정일 | M74: 비고(특이사항, 이슈, 기타)
B75: 진료/간호
B76: 14448 | C76: Aurora | D76: 진료/간호 | E76: Tocket#236865 (APO) Wound Assessment | F76: Data Modification | G76: 박제현 | H76: 진행중 | I76: 4 | J76: 8 | K76: 0.5 | M76: (APO) Wound Assessment 서식 작성 시, INITIAL / Re-Evaluation 내용이 다르게 표시 됐으면 하는 요청사항. 티켓 분석 후 내용 PIS 팀에 공유 함.
C77: Aurora | D77: 진료/간호
C78: Aurora | D78: 진료/간호
C79: Aurora | D79: 진료/간호
C80: Aurora | D80: 진료/간호
C81: Aurora | D81: 진료/간호
C82: Aurora | D82: 진료/간호
C83: Aurora | D83: 진료/간호
C84: Aurora | D84: 진료/간호
C85: Aurora | D85: 진료/간호
B86: 진료지원
C87: Aurora | D87: 진료지원
C88: Aurora | D88: 진료지원
C89: Aurora | D89: 진료지원
C90: Aurora | D90: 진료지원
C91: Aurora | D91: 진료지원 | E91: =IFERROR(VLOOKUP(B91, [1]업무!B:C, 2, FALSE),"")
C92: Aurora | D92: 진료지원 | E92: =IFERROR(VLOOKUP(B92, [1]업무!B:C, 2, FALSE),"")
C93: Aurora | D93: 진료지원 | E93: =IFERROR(VLOOKUP(B93, [1]업무!B:C, 2, FALSE),"")
C94: Aurora | D94: 진료지원 | E94: =IFERROR(VLOOKUP(B94, [1]업무!B:C, 2, FALSE),"")
C95: Aurora | D95: 진료지원 | E95: =IFERROR(VLOOKUP(B95, [1]업무!B:C, 2, FALSE),"")
B96: 원무
C97: Aurora | D97: 원무 | E97: Eligibility History | F97: Bug Fix | G97: 이지호 | H97: 완료 | I97: 3 | M97: #14432 RC에서 발견된 버그 Aurora 개발기/스테이징 적용 및 테스트 다음 배포(8/20) 운영기 적용 예정
C98: Aurora | D98: 원무
C99: Aurora | D99: 원무 | E99: =IFERROR(VLOOKUP(B99, [1]업무!B:C, 2, FALSE),"")
C100: Aurora | D100: 원무 | E100: =IFERROR(VLOOKUP(B100, [1]업무!B:C, 2, FALSE),"")
C101: Aurora | D101: 원무 | E101: =IFERROR(VLOOKUP(B101, [1]업무!B:C, 2, FALSE),"")
...
